[
    {
        "Name": "Richard",
        "Surname": "Wilder",
        "Age": 43,
        "Profession": "Software Developer",
        "Gender": "Male",
        "Height": "183",
        "Weight": "67",
        "Eyecolor": "Blue",
        "Haircolor": "Brown"
    },
  {
      "Name": "Barbara",
      "Surname": "Dixon",
      "Age": 20,
      "Profession": "Search Marketing Strategist",
      "Gender": "Female",
      "Height": "165",
      "Weight": "55",
      "Eyecolor": "Brown",
      "Haircolor": "Brown"
  },

  {
      "Name": "Linda",
      "Surname": "Goff",
      "Age": 47,
      "Profession": "Sales Manager",
      "Gender": "Female",
      "Height": "172",
      "Weight": "82",
      "Eyecolor": "Black",
      "Haircolor": "Blond"
    },
  {
      "Name": "Tobias",
      "Surname": "Johnson",
      "Age": 18,
      "Profession": "Student",
      "Education":"University",
      "Gender": "Male",
      "Height": "172",
      "Weight": "73",
      "Eyecolor": "Green",
      "Haircolor": "Black"
    },
  {
      "Name": "Robert",
      "Surname": "Montoya",
      "Age": 28,
      "Profession": "Software Engineer",
	 "Education":"Master Degree",
      "Gender": "Male",
      "Height": "191",
      "Weight": "88",
      "Eyecolor": "Brown",
      "Haircolor": "Black"
    },
  {
      "Name": "Gloria",
      "Surname": "Porter",
      "Age": 24,
      "Profession": "Sales Manager",
      "Gender": "Female",
      "Height": "152",
      "Weight": "40",
      "Eyecolor": "Black",
      "Haircolor": "Brown"
    },
  {
      "Name": "Joshua",
      "Surname": "Scott",
      "Age": 24,
      "Profession": "Sales Manager",
      "Gender": "Male",
      "Height": "178",
      "Weight": "98",
      "Eyecolor": "Black",
      "Haircolor": "Brown"
    },
  {
      "Name": "Joseph",
      "Surname": "Giles",
      "Age": 47,
      "Profession": "Chef",
      "Education":"High School",
      "Gender": "Male",
      "Height": "167",
      "Weight": "62",
      "Eyecolor": "Green",
      "Haircolor": "Blond"
    },
  {
      "Name": "Julia",
      "Surname": "McFadden",
      "Profession": "Urologist",
	 "Education":"University",
      "Gender": "Female",
      "Eyecolor": "Brown"
    },
  {
      "Name": "Mary",
      "Age": 22,
      "Profession": "Travel Agent",
      "Gender": "Female",
      "Height": "169",
      "Weight": "50",
      "Eyecolor": "Blue",
      "Haircolor": "Brown"
    },
  {
      "Name": "Richard",
      "Surname": "Baur",
      "Age": 67,
      "Profession": "Health Educator",
      "Gender": "Male",
      "Height": "187",
      "Eyecolor": "Blue",
      "Haircolor": "Brown"
    },
  {
      "Name": "Lisa",
      "Surname": "Dates",
      "Age": 27,
      "Profession": "Marketing Manager",
	 "Education":"High School",
      "Gender": "Female",
      "Weight": "93",
      "Eyecolor": "Green",
      "Haircolor": "Black"
    },
  {
      "Name": "Jamie",
      "Surname": "Degraff",
      "Gender": "Female",
      "Height": "182",
      "Weight": "86",
      "Haircolor": "Brown"
    },
  {
      "Name": "Michael",
      "Age": 38,
	 "Education":"University",
      "Gender": "Male",
      "Height": "193",
      "Weight": "70",
      "Eyecolor": "Brown",
      "Haircolor": "Blond"
    },
  {
      "Name": "Michael",
      "Surname": "Joarson",
      "Age": 27,
      "Profession": "Basketball Player",
	 "Education":"High School",
      "Gender": "Male",
	 "Height": "202",
      "Weight": "93",
      "Eyecolor": "Black",
      "Haircolor": "Bald"
    }

]